"date","stock_code","stock_name","short_term_dir","mid_term_dir","long_term_dir","resistance_r1","resistance_r2","resistance_r3","support_s1","support_s2","support_s3","confidence","accuracy","notes"
"20260522","000967","盈峰环境","中性","区间震荡","长期中性","13.92","14.34","14.43","12.66","9.3","7.86","低(<50%)","",""
"20260522","301075","多瑞医药","看多","区间震荡","长期中性","90.4","93.11","95.44","82.82","68.28","65.99","高(>70%)","",""
"20260522","600036","招商银行","中性","趋势看空","长期中性","38.2","39.77","40.25","36.09","35.01","33.96","低(<50%)","",""
"20260522","600114","东睦股份","看多","区间震荡","长期中性","38.69","39.85","40.85","33.97","29.4","28.52","高(>70%)","",""
"20260522","600584","长电科技","看多","区间震荡","长期中性","74.7","76.94","78.86","53.49","42.94","41.65","高(>70%)","",""
"20260522","601689","拓普集团","看多","区间震荡","长期中性","73.85","76.07","77.97","64.73","61.3","59.46","高(>70%)","",""
"20260522","601727","上海电气","看多","区间震荡","长期中性","9.16","9.43","9.47","8.46","8.21","7.96","高(>70%)","",""
"20260522","603019","中科曙光","中性","区间震荡","长期中性","95.66","98.53","102.16","92.43","85.42","75.22","低(<50%)","",""
20260525,601689,拓普集团,偏多,趋势看空,长期中性,73.69,75.9,77.8,65.34,61.38,59.54,中(50-70%),,
20260525,600114,东睦股份,看多,趋势看空,长期中性,40.04,41.24,42.27,34.28,29.48,28.6,高(>70%),,
20260525,301075,多瑞医药,偏多,趋势看空,长期中性,82.99,85.48,89.88,78.2,68.27,55.9,中(50-70%),,
20260525,603019,中科曙光,偏多,趋势看空,长期中性,98.86,101.83,102.16,95.89,85.46,77,中(50-70%),,
20260525,601689,拓普集团,偏多,趋势看空,长期中性,73.69,75.9,77.8,65.34,61.38,59.54,中(50-70%),,
20260525,603019,中科曙光,偏多,趋势看空,长期中性,98.86,101.83,102.16,95.89,85.46,77,中(50-70%),,
20260525,600114,东睦股份,看多,趋势看空,长期中性,40.04,41.24,42.27,34.28,29.48,28.6,高(>70%),,
20260525,601689,拓普集团,偏多,趋势看空,长期中性,73.69,75.9,77.8,65.34,61.38,59.54,中(50-70%),,
20260525,301075,多瑞医药,偏多,趋势看空,长期中性,82.99,85.48,89.88,78.2,68.27,55.9,中(50-70%),,
20260525,600114,东睦股份,看多,趋势看空,长期中性,40.04,41.24,42.27,34.28,29.48,28.6,高(>70%),,
20260525,000967,盈峰环境,偏多,趋势看空,长期中性,13.89,14.31,14.47,12.6,9.4,7.82,中(50-70%),,
20260525,301075,多瑞医药,偏多,趋势看空,长期中性,82.99,85.48,89.88,78.2,68.27,55.9,中(50-70%),,
20260525,000967,盈峰环境,偏多,趋势看空,长期中性,13.89,14.31,14.47,12.6,9.4,7.82,中(50-70%),,
20260525,601727,上海电气,看多,趋势看空,长期中性,9.15,9.42,9.49,8.51,8.21,7.96,高(>70%),,
20260525,600584,长电科技,看多,区间震荡,长期中性,82.17,84.64,86.76,55.23,43.29,41.99,高(>70%),,
20260525,603019,中科曙光,偏多,趋势看空,长期中性,98.86,101.83,102.16,95.89,85.46,77,中(50-70%),,
20260525,601689,拓普集团,偏多,趋势看空,长期中性,73.69,75.9,77.8,65.34,61.38,59.54,中(50-70%),,
20260525,600114,东睦股份,看多,趋势看空,长期中性,40.04,41.24,42.27,34.28,29.48,28.6,高(>70%),,
20260525,301075,多瑞医药,偏多,趋势看空,长期中性,82.99,85.48,89.88,78.2,68.27,55.9,中(50-70%),,
20260525,000967,盈峰环境,偏多,趋势看空,长期中性,13.89,14.31,14.47,12.6,9.4,7.82,中(50-70%),,
20260525,601727,上海电气,看多,趋势看空,长期中性,9.15,9.42,9.49,8.51,8.21,7.96,高(>70%),,
20260525,600584,长电科技,看多,区间震荡,长期中性,82.17,84.64,86.76,55.23,43.29,41.99,高(>70%),,
20260525,603019,中科曙光,偏多,趋势看空,长期中性,98.86,101.83,102.16,95.89,85.46,77,中(50-70%),,
20260525,601689,拓普集团,偏多,趋势看空,长期中性,73.69,75.9,77.8,65.34,61.38,59.54,中(50-70%),,
20260525,600114,东睦股份,看多,趋势看空,长期中性,40.04,41.24,42.27,34.28,29.48,28.6,高(>70%),,
20260525,301075,多瑞医药,偏多,趋势看空,长期中性,82.99,85.48,89.88,78.2,68.27,55.9,中(50-70%),,
20260525,000967,盈峰环境,偏多,趋势看空,长期中性,13.89,14.31,14.47,12.6,9.4,7.82,中(50-70%),,
20260525,601727,上海电气,看多,趋势看空,长期中性,9.15,9.42,9.49,8.51,8.21,7.96,高(>70%),,
20260525,600584,长电科技,看多,区间震荡,长期中性,82.17,84.64,86.76,55.23,43.29,41.99,高(>70%),,
20260526,600114,东睦股份,看多,趋势看空,长期中性,40.04,41.24,42.27,34.28,29.48,28.6,高(>70%),,
20260526,603019,中科曙光,偏多,趋势看空,长期中性,98.86,101.83,102.16,95.89,85.46,77,中(50-70%),,
20260526,601689,拓普集团,偏多,趋势看空,长期中性,73.69,75.9,77.8,65.34,61.38,59.54,中(50-70%),,
20260526,600114,东睦股份,看多,趋势看空,长期中性,40.04,41.24,42.27,34.28,29.48,28.6,高(>70%),,
20260526,301075,多瑞医药,偏多,趋势看空,长期中性,82.99,85.48,89.88,78.2,68.27,55.9,中(50-70%),,
20260526,000967,盈峰环境,偏多,趋势看空,长期中性,13.89,14.31,14.47,12.6,9.4,7.82,中(50-70%),,
20260526,601727,上海电气,看多,趋势看空,长期中性,9.15,9.42,9.49,8.51,8.21,7.96,高(>70%),,
20260526,600584,长电科技,看多,区间震荡,长期中性,82.17,84.64,86.76,55.23,43.29,41.99,高(>70%),,
20260526,603019,中科曙光,偏多,趋势看空,长期中性,98.86,101.83,102.16,95.89,85.46,77,中(50-70%),,
20260526,601689,拓普集团,偏多,趋势看空,长期中性,73.69,75.9,77.8,65.34,61.38,59.54,中(50-70%),,
20260526,600114,东睦股份,看多,趋势看空,长期中性,40.04,41.24,42.27,34.28,29.48,28.6,高(>70%),,
20260526,301075,多瑞医药,偏多,趋势看空,长期中性,82.99,85.48,89.88,78.2,68.27,55.9,中(50-70%),,
20260526,000967,盈峰环境,偏多,趋势看空,长期中性,13.89,14.31,14.47,12.6,9.4,7.82,中(50-70%),,
20260526,601727,上海电气,看多,趋势看空,长期中性,9.15,9.42,9.49,8.51,8.21,7.96,高(>70%),,
20260526,600584,长电科技,看多,区间震荡,长期中性,82.17,84.64,86.76,55.23,43.29,41.99,高(>70%),,
20260526,603019,中科曙光,偏多,趋势看空,长期中性,98.86,101.83,102.16,95.89,85.46,77,中(50-70%),,
20260526,601689,拓普集团,偏多,趋势看空,长期中性,73.69,75.9,77.8,65.34,61.38,59.54,中(50-70%),,
20260526,600114,东睦股份,看多,趋势看空,长期中性,40.04,41.24,42.27,34.28,29.48,28.6,高(>70%),,
20260526,301075,多瑞医药,偏多,趋势看空,长期中性,82.99,85.48,89.88,78.2,68.27,55.9,中(50-70%),,
20260526,000967,盈峰环境,偏多,趋势看空,长期中性,13.89,14.31,14.47,12.6,9.4,7.82,中(50-70%),,
20260526,601727,上海电气,看多,趋势看空,长期中性,9.15,9.42,9.49,8.51,8.21,7.96,高(>70%),,
20260526,600584,长电科技,看多,区间震荡,长期中性,82.17,84.64,86.76,55.23,43.29,41.99,高(>70%),,
20260526,603019,中科曙光,偏多,趋势看空,长期中性,98.86,101.83,102.16,95.89,85.46,77,中(50-70%),,
20260526,601689,拓普集团,偏多,趋势看空,长期中性,73.69,75.9,77.8,65.34,61.38,59.54,中(50-70%),,
20260526,600114,东睦股份,看多,趋势看空,长期中性,40.04,41.24,42.27,34.28,29.48,28.6,高(>70%),,
20260526,301075,多瑞医药,偏多,趋势看空,长期中性,82.99,85.48,89.88,78.2,68.27,55.9,中(50-70%),,
20260526,000967,盈峰环境,偏多,趋势看空,长期中性,13.89,14.31,14.47,12.6,9.4,7.82,中(50-70%),,
20260526,601727,上海电气,看多,趋势看空,长期中性,9.15,9.42,9.49,8.51,8.21,7.96,高(>70%),,
20260526,600584,长电科技,看多,区间震荡,长期中性,82.17,84.64,86.76,55.23,43.29,41.99,高(>70%),,
